{"Datas":[{"Id":1,"Pos":{"x":221.9222869873047,"y":-216.1627960205078,"z":-999.0},"Arrangement":true,"SkinId":1,"SkinIdList":[]}]}