{"Datas":[{"Id":1,"Pos":{"x":378.5782470703125,"y":-172.68789672851563,"z":1.0},"Arrangement":true}]}