{"Datas":[{"Id":1,"Pos":{"x":-35.57476043701172,"y":-481.0965576171875,"z":-999.0},"Arrangement":true,"SkinId":1,"SkinIdList":[1]}]}