{"Datas":[{"Id":1,"Pos":{"x":0.0,"y":0.0,"z":11.0},"Arrangement":true,"SkinId":2,"SkinIdList":[1,2]},{"Id":2,"Pos":{"x":16.66668701171875,"y":-75.00048828125,"z":12.0},"Arrangement":true,"SkinId":1,"SkinIdList":[1]},{"Id":3,"Pos":{"x":339.5556945800781,"y":-311.9408264160156,"z":13.0},"Arrangement":true,"SkinId":1,"SkinIdList":[1]}]}