{"Datas":[{"Id":1,"Pos":{"x":-380.5802917480469,"y":-464.2855529785156,"z":0.0},"Arrangement":true}]}