{"Datas":[{"Id":1,"Pos":{"x":221.05911254882813,"y":-155.1724090576172,"z":0.0},"Arrangement":true},{"Id":2,"Pos":{"x":-35.09853744506836,"y":-347.2906494140625,"z":0.0},"Arrangement":true},{"Id":3,"Pos":{"x":0.0,"y":0.0,"z":0.0},"Arrangement":false},{"Id":4,"Pos":{"x":0.0,"y":0.0,"z":0.0},"Arrangement":false}]}