{"Datas":[{"Id":1,"Pos":{"x":-205.49664306640626,"y":-100.16744995117188,"z":1.0},"Arrangement":true},{"Id":2,"Pos":{"x":24.693038940429689,"y":-344.3080139160156,"z":1.0},"Arrangement":true}]}