{"Datas":[{"Id":1,"Pos":{"x":60.56987762451172,"y":-79.04407501220703,"z":0.0},"Arrangement":true}]}