{"Datas":[{"Id":1,"Pos":{"x":5.336671352386475,"y":-357.7587585449219,"z":1.0},"Arrangement":true},{"Id":2,"Pos":{"x":-594.8226928710938,"y":-200.76844787597657,"z":0.0},"Arrangement":true},{"Id":3,"Pos":{"x":0.0,"y":0.0,"z":0.0},"Arrangement":false},{"Id":4,"Pos":{"x":0.0,"y":0.0,"z":0.0},"Arrangement":false}]}