{"Datas":[{"Id":1,"Pos":{"x":162.5743865966797,"y":197.9166259765625,"z":0.0},"Arrangement":true}]}