{"Datas":[{"Id":1,"UId":5,"Pos":{"x":0.0,"y":0.0,"z":0.0},"PlaceId":0},{"Id":1,"UId":6,"Pos":{"x":-142.897705078125,"y":-49.78337097167969,"z":0.0},"PlaceId":1},{"Id":2,"UId":7,"Pos":{"x":225.1184539794922,"y":-69.9052505493164,"z":0.0},"PlaceId":1}]}