{"Datas":[{"Id":1,"UId":5,"Pos":{"x":142.30239868164063,"y":81.54398345947266,"z":0.0},"PlaceId":1},{"Id":1,"UId":6,"Pos":{"x":-280.2650146484375,"y":70.12349700927735,"z":0.0},"PlaceId":1}]}