{"Datas":[{"Id":1,"UId":10,"Pos":{"x":378.1250305175781,"y":-367.9687194824219,"z":1.0},"Arrangement":true},{"Id":2,"UId":11,"Pos":{"x":12.5,"y":0.0,"z":1.0},"Arrangement":true}]}