{"Datas":[{"Id":1,"UId":5,"Pos":{"x":-36.3636474609375,"y":109.0909423828125,"z":350.0},"PlaceId":1}]}