{"Datas":[{"Id":1,"UId":10,"Pos":{"x":303.94342041015627,"y":-516.3690185546875,"z":1.0},"Arrangement":true},{"Id":2,"UId":11,"Pos":{"x":-494.9931640625,"y":-472.80584716796877,"z":1.0},"Arrangement":true}]}