{"Datas":[{"Id":1,"UId":5,"Pos":{"x":932.4517822265625,"y":126.59774780273438,"z":0.0},"PlaceId":1},{"Id":1,"UId":6,"Pos":{"x":81.06053924560547,"y":23.802215576171876,"z":0.0},"PlaceId":1}]}