{"Datas":[{"Id":1,"UId":5,"Pos":{"x":-106.63506317138672,"y":250.0,"z":0.0},"PlaceId":1},{"Id":1,"UId":6,"Pos":{"x":154.02842712402345,"y":-164.69192504882813,"z":0.0},"PlaceId":1},{"Id":2,"UId":7,"Pos":{"x":0.0,"y":0.0,"z":0.0},"PlaceId":0}]}