{"Datas":[{"Id":1,"UId":10,"Pos":{"x":-352.0649719238281,"y":-609.8510131835938,"z":1.0},"Arrangement":true},{"Id":2,"UId":11,"Pos":{"x":12.5,"y":0.0,"z":1.0},"Arrangement":true}]}