{"Datas":[{"Id":1,"UId":10,"Pos":{"x":144.68748474121095,"y":-201.78558349609376,"z":1.0},"Arrangement":true},{"Id":2,"UId":11,"Pos":{"x":0.0,"y":0.0,"z":0.0},"Arrangement":false}]}