{"Datas":[{"Id":1,"UId":10,"Pos":{"x":0.0,"y":0.0,"z":0.0},"Arrangement":false},{"Id":2,"UId":11,"Pos":{"x":302.36614990234377,"y":-618.303466796875,"z":1.0},"Arrangement":true}]}