{"Datas":[{"Id":1,"UId":10,"Pos":{"x":-318.3035888671875,"y":-481.6964111328125,"z":1.0},"Arrangement":true},{"Id":2,"UId":11,"Pos":{"x":1.6182861328125,"y":-6.7522430419921879,"z":1.0},"Arrangement":true}]}