{"Datas":[{"Id":1,"UId":10,"Pos":{"x":213.03016662597657,"y":-86.21647644042969,"z":1.0},"Arrangement":true},{"Id":2,"UId":11,"Pos":{"x":-226.42295837402345,"y":-93.19192504882813,"z":1.0},"Arrangement":true},{"Id":3,"UId":1,"Pos":{"x":0.0,"y":0.0,"z":0.0},"Arrangement":false}]}