{"Datas":[{"Id":1,"UId":5,"Pos":{"x":0.0,"y":0.0,"z":0.0},"PlaceId":0},{"Id":1,"UId":6,"Pos":{"x":-82.9383773803711,"y":-22.511869430541993,"z":0.0},"PlaceId":1},{"Id":2,"UId":7,"Pos":{"x":157.7044677734375,"y":-419.826171875,"z":0.0},"PlaceId":1}]}