{"Datas":[{"Id":1,"UId":10,"Pos":{"x":-23.43747901916504,"y":15.62511920928955,"z":1.0},"Arrangement":true},{"Id":2,"UId":11,"Pos":{"x":12.5,"y":0.0,"z":1.0},"Arrangement":true}]}