{"Datas":[{"Id":1,"UId":5,"Pos":{"x":0.0,"y":0.0,"z":0.0},"PlaceId":0},{"Id":1,"UId":6,"Pos":{"x":-33.51556396484375,"y":14.160125732421875,"z":0.0},"PlaceId":1},{"Id":2,"UId":7,"Pos":{"x":-395.5078125,"y":-528.80859375,"z":0.0},"PlaceId":1}]}