{"Datas":[{"Id":1,"UId":8,"Pos":{"x":-520.37890625,"y":-367.6035461425781,"z":1.0},"Arrangement":true}]}