{"Datas":[{"Id":1,"UId":10,"Pos":{"x":-107.385498046875,"y":-274.0489196777344,"z":1.0},"Arrangement":true},{"Id":2,"UId":11,"Pos":{"x":0.0,"y":0.0,"z":0.0},"Arrangement":false}]}