{"Datas":[{"Id":1,"UId":10,"Pos":{"x":0.0,"y":0.0,"z":0.0},"Arrangement":false},{"Id":2,"UId":11,"Pos":{"x":-584.0245361328125,"y":-419.00433349609377,"z":1.0},"Arrangement":true}]}