{"Datas":[{"Id":1,"UId":5,"Pos":{"x":0.0,"y":0.0,"z":0.0},"PlaceId":0},{"Id":1,"UId":6,"Pos":{"x":-822.793212890625,"y":158.1641845703125,"z":0.0},"PlaceId":1},{"Id":2,"UId":7,"Pos":{"x":-822.793212890625,"y":-7.85150146484375,"z":0.0},"PlaceId":1}]}