{"Datas":[{"Id":1,"UId":5,"Pos":{"x":0.0,"y":0.0,"z":0.0},"PlaceId":0},{"Id":1,"UId":6,"Pos":{"x":119.59928131103516,"y":-341.73797607421877,"z":0.0},"PlaceId":1},{"Id":2,"UId":7,"Pos":{"x":0.0,"y":0.0,"z":0.0},"PlaceId":0}]}