{"Datas":[{"Id":1,"UId":5,"Pos":{"x":0.0,"y":0.0,"z":0.0},"PlaceId":0},{"Id":1,"UId":6,"Pos":{"x":-829.94140625,"y":-117.24609375,"z":0.0},"PlaceId":1},{"Id":2,"UId":7,"Pos":{"x":-1125.209228515625,"y":-881.3470458984375,"z":0.0},"PlaceId":1}]}