{"Datas":[{"Id":1,"UId":5,"Pos":{"x":0.0,"y":0.0,"z":0.0},"PlaceId":0},{"Id":1,"UId":6,"Pos":{"x":-622.7261962890625,"y":57.577484130859378,"z":0.0},"PlaceId":1},{"Id":2,"UId":7,"Pos":{"x":-694.2813110351563,"y":180.24331665039063,"z":0.0},"PlaceId":1}]}