{"Datas":[{"Id":1,"UId":5,"Pos":{"x":932.4517822265625,"y":126.59774780273438,"z":0.0},"PlaceId":1},{"Id":1,"UId":6,"Pos":{"x":-201.42178344726563,"y":-401.65875244140627,"z":400.0},"PlaceId":1},{"Id":2,"UId":7,"Pos":{"x":0.0,"y":0.0,"z":0.0},"PlaceId":0}]}