{"Datas":[{"Id":1,"UId":10,"Pos":{"x":299.5404052734375,"y":-391.5439453125,"z":1.0},"Arrangement":true},{"Id":2,"UId":11,"Pos":{"x":-494.9931640625,"y":-472.80584716796877,"z":1.0},"Arrangement":true}]}