{
    "Datas": [
        {
            "Id": 1,
            "UId": 10,
            "Pos": {
                "x": 467.2727355957031,
                "y": -224.1333465576172,
                "z": -999.0
            },
            "Arrangement": true
        },
        {
            "Id": 2,
            "UId": 11,
            "Pos": {
                "x": 0.0,
                "y": 0.0,
                "z": 0.0
            },
            "Arrangement": false
        },
        {
            "Id": 3,
            "UId": 1,
            "Pos": {
                "x": -61.37101745605469,
                "y": -285.9196472167969,
                "z": 1.0
            },
            "Arrangement": true
        },
        {
            "Id": 5,
            "UId": 1,
            "Pos": {
                "x": 0.0,
                "y": 0.0,
                "z": 0.0
            },
            "Arrangement": false
        }
    ]
}