{"Datas":[{"Id":1,"UId":5,"Pos":{"x":-213.27012634277345,"y":-34.36016845703125,"z":0.0},"PlaceId":1},{"Id":1,"UId":6,"Pos":{"x":-47.39336013793945,"y":-283.1753845214844,"z":0.0},"PlaceId":1},{"Id":2,"UId":7,"Pos":{"x":0.0,"y":0.0,"z":0.0},"PlaceId":0}]}