{"Datas":[{"Id":1,"UId":10,"Pos":{"x":-107.385498046875,"y":-274.0489196777344,"z":1.0},"Arrangement":true},{"Id":2,"UId":11,"Pos":{"x":-494.9931640625,"y":-472.80584716796877,"z":1.0},"Arrangement":true}]}